txn_id,txn_hour,txn_amount,amount_deviation,txn_velocity,behavior_score,payment_channel,risk_flag
TXN06253,20,282.55,0.21,0.41,0.26,CreditCard,0
TXN04685,10,291.24,-0.2,0.56,0.1,DebitCard,0
TXN01732,15,273.6,0.21,0.62,0.18,CreditCard,0
TXN04743,11,836.9,-0.37,0.33,0.07,DebitCard,0
TXN04522,16,319.97,-0.42,0.18,0.28,CreditCard,0
TXN06341,17,354.69,0.47,0.57,0.14,CreditCard,0
TXN00577,10,228.95,-0.37,0.38,0.25,CreditCard,0
TXN05203,10,1103.11,0.49,0.3,0.14,UPI,0
TXN06364,13,599.38,0.06,0.29,0.19,DebitCard,0
TXN00440,14,364.18,0.1,0.36,0.11,UPI,0
TXN02751,21,487.48,0.24,0.67,0.34,CreditCard,0
TXN07488,8,341.3,0.14,0.24,0.34,UPI,0
TXN05273,19,691.73,0.33,0.29,0.35,CreditCard,0
TXN05654,8,529.61,0.21,0.53,0.28,CreditCard,0
TXN04000,17,375.6,0.17,0.22,0.15,DebitCard,0
TXN06034,20,884.0,-0.2,0.67,0.31,UPI,0
TXN00583,17,581.31,0.33,0.33,0.33,DebitCard,0
TXN09931,4,9079.29,3.7,3.09,0.97,UPI,1
TXN07052,12,354.25,0.38,0.77,0.17,DebitCard,0
TXN08159,10,529.47,-0.1,0.29,0.09,CreditCard,0
TXN09897,4,10845.35,3.45,3.77,0.82,UPI,1
TXN02250,9,1021.0,-0.35,0.15,0.15,CreditCard,0
TXN04641,21,265.42,-0.28,0.24,0.21,CreditCard,0
TXN09486,10,1094.48,-0.18,0.71,0.19,UPI,0
TXN04948,22,656.55,-0.43,0.55,0.34,DebitCard,0
TXN09921,3,12728.94,2.01,4.63,0.88,DebitCard,1
TXN01964,13,330.22,0.09,0.24,0.16,DebitCard,0
TXN08244,17,225.12,-0.47,0.13,0.19,UPI,0
TXN06591,8,498.36,0.25,0.57,0.12,CreditCard,0
TXN08848,9,295.63,-0.38,0.79,0.16,DebitCard,0
TXN00322,10,907.15,0.28,0.77,0.24,DebitCard,0
TXN02679,21,622.52,-0.5,0.71,0.12,CreditCard,0
TXN04626,9,233.06,-0.21,0.27,0.06,UPI,0
TXN04950,18,1172.0,0.06,0.76,0.29,DebitCard,0
TXN08329,12,803.78,0.43,0.63,0.25,CreditCard,0
TXN03338,14,1123.23,0.02,0.65,0.08,DebitCard,0
TXN05590,17,571.71,-0.24,0.46,0.08,DebitCard,0
TXN00252,9,1020.72,0.42,0.16,0.15,CreditCard,0
TXN03974,9,429.89,-0.32,0.21,0.07,UPI,0
TXN06631,11,575.69,0.07,0.4,0.18,CreditCard,0
TXN05548,18,1056.52,-0.44,0.16,0.32,DebitCard,0
TXN00036,13,613.93,0.08,0.53,0.17,UPI,0
TXN08363,16,1039.6,-0.45,0.59,0.25,DebitCard,0
TXN01514,8,1176.62,-0.43,0.35,0.16,CreditCard,0
TXN09318,10,849.73,-0.31,0.7,0.34,DebitCard,0
TXN00040,11,1149.7,-0.48,0.25,0.21,UPI,0
TXN04820,14,1022.44,0.1,0.33,0.31,CreditCard,0
TXN03466,9,1023.77,0.43,0.43,0.3,DebitCard,0
TXN01761,15,548.55,-0.02,0.24,0.23,DebitCard,0
TXN02305,19,994.0,0.17,0.35,0.05,UPI,0
TXN03724,11,291.91,-0.49,0.12,0.24,UPI,0
TXN08285,18,1196.04,-0.24,0.75,0.08,CreditCard,0
TXN04994,15,845.79,-0.45,0.66,0.3,UPI,0
TXN08128,11,862.43,-0.09,0.22,0.13,UPI,0
TXN03033,20,857.79,0.24,0.15,0.19,UPI,0
TXN07939,21,286.25,0.22,0.12,0.34,DebitCard,0
TXN03040,21,695.53,-0.03,0.7,0.24,CreditCard,0
TXN09656,16,577.4,0.16,0.54,0.34,UPI,0
TXN02546,13,1119.61,0.41,0.71,0.12,DebitCard,0
TXN02593,20,489.32,-0.3,0.77,0.27,UPI,0
TXN01189,12,1014.08,-0.41,0.14,0.11,CreditCard,0
TXN07967,19,783.21,0.31,0.58,0.26,CreditCard,0
TXN06078,21,930.75,-0.15,0.61,0.3,CreditCard,0
TXN00108,17,994.93,-0.28,0.28,0.21,CreditCard,0
TXN01316,10,303.03,0.2,0.3,0.15,CreditCard,0
TXN08188,16,860.39,-0.19,0.53,0.12,UPI,0
TXN02754,18,782.99,-0.26,0.25,0.1,UPI,0
TXN09754,8,1119.55,0.0,0.49,0.29,UPI,0
TXN06232,19,231.38,0.12,0.45,0.25,DebitCard,0
TXN02877,13,443.44,0.11,0.37,0.28,UPI,0
TXN05324,11,784.16,-0.3,0.6,0.19,CreditCard,0
TXN00800,13,300.56,0.48,0.14,0.34,CreditCard,0
TXN03571,8,885.45,0.19,0.38,0.24,UPI,0
TXN02895,13,548.79,0.32,0.3,0.19,UPI,0
TXN02928,14,939.6,0.2,0.35,0.33,UPI,0
TXN08179,21,850.52,-0.13,0.56,0.13,CreditCard,0
TXN00972,15,212.57,0.03,0.13,0.3,CreditCard,0
TXN06688,20,311.64,-0.09,0.24,0.29,DebitCard,0
TXN08576,20,554.17,0.17,0.22,0.15,CreditCard,0
TXN02021,16,891.07,0.22,0.32,0.25,DebitCard,0
TXN09055,19,725.21,0.07,0.78,0.26,CreditCard,0
TXN00953,19,1150.01,-0.05,0.17,0.29,DebitCard,0
TXN05360,16,782.91,-0.07,0.25,0.31,DebitCard,0
TXN03858,19,978.44,0.18,0.67,0.21,DebitCard,0
TXN05862,21,786.36,-0.14,0.39,0.14,CreditCard,0
TXN03146,18,430.6,0.34,0.47,0.35,UPI,0
TXN03306,17,795.46,0.24,0.71,0.25,DebitCard,0
TXN03007,16,744.41,-0.14,0.7,0.14,UPI,0
TXN09002,15,428.14,0.36,0.39,0.3,DebitCard,0
TXN07771,10,365.81,-0.38,0.72,0.3,DebitCard,0
TXN07439,17,630.13,0.1,0.32,0.29,CreditCard,0
TXN07943,13,1074.96,-0.46,0.11,0.25,DebitCard,0
TXN09239,13,742.23,-0.21,0.12,0.12,DebitCard,0
TXN01057,16,551.43,0.11,0.28,0.16,CreditCard,0
TXN03155,10,664.32,-0.05,0.67,0.05,UPI,0
TXN03788,18,732.89,-0.34,0.29,0.32,DebitCard,0
TXN09190,9,531.56,-0.15,0.27,0.16,DebitCard,0
TXN07826,21,985.68,0.07,0.31,0.33,CreditCard,0
TXN07540,9,924.12,0.19,0.64,0.18,DebitCard,0
TXN07232,19,225.04,0.08,0.78,0.18,DebitCard,0
TXN00765,10,823.1,-0.01,0.24,0.07,DebitCard,0
TXN05020,11,397.76,-0.47,0.1,0.15,UPI,0
TXN04904,21,368.08,-0.17,0.11,0.27,CreditCard,0
TXN08094,10,953.22,-0.24,0.4,0.13,CreditCard,0
TXN06844,17,492.83,0.43,0.75,0.3,UPI,0
TXN02166,16,330.3,0.47,0.67,0.07,UPI,0
TXN01863,18,324.93,0.34,0.22,0.32,DebitCard,0
TXN07851,11,1113.31,0.14,0.11,0.12,UPI,0
TXN09124,11,864.94,-0.29,0.54,0.18,UPI,0
TXN02341,16,545.87,-0.0,0.21,0.09,DebitCard,0
TXN05528,14,628.03,0.12,0.25,0.14,CreditCard,0
TXN06744,8,334.5,-0.12,0.33,0.17,UPI,0
TXN04004,15,392.22,-0.49,0.11,0.31,CreditCard,0
TXN01124,12,823.66,-0.06,0.41,0.17,CreditCard,0
TXN08710,13,715.64,-0.39,0.13,0.11,UPI,0
TXN04050,11,708.93,0.33,0.63,0.26,UPI,0
TXN07641,17,690.08,0.49,0.45,0.11,UPI,0
TXN00766,16,518.51,0.36,0.14,0.27,UPI,0
TXN02345,10,279.2,-0.5,0.64,0.25,CreditCard,0
TXN04072,19,888.49,0.23,0.58,0.35,UPI,0
TXN07217,14,444.84,0.38,0.14,0.27,DebitCard,0
TXN04217,9,555.12,-0.37,0.71,0.24,UPI,0
TXN07953,10,445.97,-0.06,0.65,0.22,DebitCard,0
TXN05971,19,470.64,0.04,0.54,0.28,DebitCard,0
TXN03351,9,541.21,-0.16,0.66,0.3,CreditCard,0
TXN04696,15,774.35,-0.36,0.72,0.31,CreditCard,0
TXN03400,20,1067.14,0.08,0.72,0.1,UPI,0
TXN04082,22,973.2,-0.47,0.55,0.25,DebitCard,0
TXN09150,16,330.51,0.16,0.58,0.25,CreditCard,0
TXN01225,18,865.96,-0.13,0.38,0.18,UPI,0
TXN06293,16,567.4,0.13,0.43,0.2,DebitCard,0
TXN03123,18,1064.85,-0.25,0.52,0.15,UPI,0
TXN00511,8,968.22,-0.33,0.36,0.29,DebitCard,0
TXN05795,16,560.21,0.19,0.66,0.33,DebitCard,0
TXN08182,14,772.0,0.04,0.29,0.23,DebitCard,0
TXN09418,9,291.58,-0.17,0.67,0.17,UPI,0
TXN00097,10,762.33,0.15,0.77,0.08,DebitCard,0
TXN06682,8,426.98,0.35,0.7,0.1,UPI,0
TXN01513,15,997.38,-0.43,0.15,0.07,DebitCard,0
TXN08792,15,594.02,-0.45,0.42,0.31,UPI,0
TXN00120,9,1093.64,0.21,0.24,0.11,UPI,0
TXN07792,16,392.69,-0.08,0.42,0.23,CreditCard,0
TXN06518,12,1196.36,0.29,0.3,0.24,DebitCard,0
TXN00034,20,206.15,0.11,0.44,0.08,UPI,0
TXN07888,12,435.53,0.42,0.32,0.3,UPI,0
TXN06831,15,577.33,-0.11,0.79,0.26,UPI,0
TXN05422,11,828.04,0.2,0.57,0.22,DebitCard,0
TXN01069,15,545.24,-0.45,0.17,0.3,CreditCard,0
TXN01348,20,1187.92,0.24,0.36,0.29,UPI,0
TXN04748,22,343.17,-0.45,0.4,0.1,DebitCard,0
TXN06006,8,683.6,-0.05,0.43,0.26,CreditCard,0
TXN06040,20,519.4,0.42,0.51,0.33,CreditCard,0
TXN03818,8,1057.21,0.08,0.28,0.21,UPI,0
TXN08447,16,720.34,0.06,0.73,0.08,DebitCard,0
TXN05270,16,1018.04,0.16,0.34,0.31,CreditCard,0
TXN06898,22,720.14,-0.4,0.11,0.19,CreditCard,0
TXN05310,19,202.43,-0.09,0.22,0.23,DebitCard,0
TXN00032,14,475.98,0.16,0.53,0.09,DebitCard,0
TXN05675,12,539.29,0.45,0.11,0.11,CreditCard,0
TXN04387,17,532.94,-0.45,0.74,0.2,CreditCard,0
TXN00030,13,318.33,0.28,0.54,0.26,CreditCard,0
TXN04203,22,971.29,0.24,0.52,0.15,CreditCard,0
TXN07508,15,1095.82,-0.18,0.26,0.08,CreditCard,0
TXN00736,8,554.95,-0.43,0.67,0.18,DebitCard,0
TXN02068,17,225.95,-0.33,0.14,0.27,DebitCard,0
TXN00107,21,1101.9,-0.49,0.25,0.22,CreditCard,0
TXN09645,11,862.98,0.23,0.78,0.27,CreditCard,0
TXN08895,14,288.23,-0.46,0.62,0.28,CreditCard,0
TXN08021,21,857.23,-0.26,0.52,0.33,DebitCard,0
TXN02233,10,1146.35,0.28,0.24,0.09,CreditCard,0
TXN00994,15,685.51,-0.35,0.58,0.16,CreditCard,0
TXN09413,18,612.51,-0.12,0.12,0.1,UPI,0
TXN07059,20,1155.42,-0.29,0.72,0.13,UPI,0
TXN06790,15,566.79,0.39,0.28,0.07,CreditCard,0
TXN00361,9,1149.33,0.23,0.7,0.19,UPI,0
TXN00305,13,484.43,0.18,0.67,0.34,DebitCard,0
TXN02628,11,537.66,-0.04,0.76,0.26,DebitCard,0
TXN08966,16,808.69,0.23,0.55,0.28,CreditCard,0
TXN04514,17,535.81,0.48,0.7,0.08,UPI,0
TXN05911,8,392.57,-0.05,0.53,0.3,UPI,0
TXN08314,18,976.66,0.41,0.42,0.26,UPI,0
TXN03101,22,1075.73,-0.07,0.58,0.33,UPI,0
TXN05704,11,1130.69,-0.16,0.24,0.23,UPI,0
TXN03899,16,1085.26,0.46,0.52,0.17,CreditCard,0
TXN05441,10,641.52,-0.22,0.38,0.28,DebitCard,0
TXN07931,12,447.08,-0.11,0.32,0.29,UPI,0
TXN00622,19,614.55,0.28,0.19,0.11,DebitCard,0
TXN07236,10,1081.5,-0.06,0.76,0.08,UPI,0
TXN02499,10,729.49,0.1,0.11,0.1,CreditCard,0
TXN00714,20,856.69,0.14,0.22,0.26,UPI,0
TXN08404,22,437.69,-0.09,0.51,0.33,UPI,0
TXN02856,15,713.99,-0.03,0.11,0.34,CreditCard,0
TXN04270,20,260.5,-0.06,0.18,0.14,CreditCard,0
TXN02909,8,1159.48,0.05,0.16,0.13,UPI,0
TXN08081,15,627.11,0.29,0.61,0.2,DebitCard,0
TXN04517,22,907.81,0.3,0.61,0.2,UPI,0
TXN01262,21,751.35,0.27,0.57,0.18,DebitCard,0
TXN03161,16,488.07,-0.35,0.72,0.1,DebitCard,0
TXN00971,17,534.66,0.49,0.27,0.18,DebitCard,0
TXN03913,22,841.93,-0.4,0.64,0.19,DebitCard,0
TXN05199,9,655.91,-0.21,0.26,0.14,DebitCard,0
TXN08847,13,666.7,-0.11,0.76,0.29,DebitCard,0
TXN00260,9,404.48,0.01,0.52,0.24,CreditCard,0
TXN03791,13,647.71,0.22,0.12,0.13,UPI,0
TXN09203,12,715.24,0.23,0.62,0.17,DebitCard,0
TXN00488,21,469.73,-0.14,0.46,0.06,UPI,0
TXN07908,19,512.51,0.14,0.44,0.32,DebitCard,0
TXN00519,14,1142.0,-0.12,0.48,0.28,DebitCard,0
TXN08343,15,538.39,0.04,0.57,0.24,CreditCard,0
TXN00312,20,1068.09,0.19,0.31,0.32,DebitCard,0
TXN03232,10,862.59,0.32,0.13,0.06,DebitCard,0
TXN07933,18,1105.29,0.36,0.53,0.28,DebitCard,0
TXN07458,21,422.65,-0.1,0.79,0.13,CreditCard,0
TXN09784,22,490.82,-0.13,0.67,0.07,CreditCard,0
TXN05184,15,1119.99,0.46,0.23,0.05,CreditCard,0
TXN08077,16,528.26,0.37,0.3,0.13,CreditCard,0
TXN06502,18,1103.72,-0.45,0.35,0.25,UPI,0
TXN06791,18,638.64,-0.03,0.44,0.14,DebitCard,0
TXN07773,17,339.68,0.27,0.48,0.15,DebitCard,0
TXN02738,17,398.1,-0.22,0.18,0.21,UPI,0
TXN07842,20,1000.85,0.22,0.67,0.25,UPI,0
TXN06262,21,780.21,-0.18,0.33,0.31,UPI,0
TXN08206,12,347.85,0.39,0.15,0.31,DebitCard,0
TXN01248,17,722.02,-0.49,0.23,0.28,CreditCard,0
TXN09336,11,373.62,0.09,0.54,0.32,DebitCard,0
TXN04195,15,594.55,0.14,0.3,0.18,CreditCard,0
TXN08001,22,1191.0,-0.04,0.48,0.13,UPI,0
TXN07378,13,540.39,0.19,0.1,0.23,UPI,0
TXN03435,16,231.64,-0.17,0.55,0.06,UPI,0
TXN05382,15,232.44,0.11,0.18,0.15,UPI,0
TXN00959,14,830.46,-0.13,0.58,0.23,CreditCard,0
TXN00417,22,411.51,-0.23,0.15,0.1,DebitCard,0
TXN05742,10,937.61,0.36,0.68,0.08,DebitCard,0
TXN06728,8,711.08,-0.35,0.79,0.16,CreditCard,0
TXN04382,15,573.01,-0.34,0.45,0.31,UPI,0
TXN05197,16,223.0,-0.26,0.39,0.05,UPI,0
TXN01113,21,780.11,-0.04,0.61,0.21,DebitCard,0
TXN02689,14,634.61,-0.48,0.33,0.1,CreditCard,0
TXN06473,13,690.85,-0.32,0.35,0.21,CreditCard,0
TXN08820,8,233.24,-0.28,0.55,0.23,UPI,0
TXN07808,8,1035.58,-0.07,0.59,0.27,DebitCard,0
TXN03411,12,397.57,0.38,0.34,0.14,CreditCard,0
TXN00081,15,895.75,-0.39,0.77,0.15,DebitCard,0
TXN04614,9,631.89,0.5,0.74,0.09,UPI,0
TXN01374,10,1015.11,-0.43,0.59,0.11,UPI,0
TXN01510,11,530.45,-0.16,0.58,0.27,DebitCard,0
TXN06443,10,395.14,0.44,0.64,0.29,CreditCard,0
TXN03071,9,332.74,-0.22,0.43,0.23,CreditCard,0
TXN03016,22,480.52,-0.2,0.64,0.1,DebitCard,0
TXN04823,13,977.29,0.02,0.56,0.24,CreditCard,0
TXN07822,14,634.04,0.26,0.22,0.3,DebitCard,0
TXN00093,13,488.93,-0.42,0.22,0.3,UPI,0
TXN09421,20,308.27,0.5,0.61,0.1,UPI,0
TXN06600,11,1112.57,-0.39,0.19,0.31,CreditCard,0
TXN04443,11,999.49,0.27,0.22,0.19,CreditCard,0
TXN07602,20,394.26,-0.12,0.13,0.24,DebitCard,0
TXN03835,16,732.92,-0.12,0.12,0.29,DebitCard,0
TXN09702,10,1109.91,-0.08,0.29,0.31,CreditCard,0
TXN04322,8,251.86,-0.25,0.51,0.31,UPI,0
TXN03394,16,241.83,0.05,0.66,0.25,CreditCard,0
TXN04752,13,696.06,-0.09,0.16,0.12,CreditCard,0
TXN07229,15,1060.45,-0.47,0.34,0.13,CreditCard,0
TXN09191,15,989.94,0.46,0.11,0.06,CreditCard,0
TXN02361,16,893.84,-0.16,0.54,0.16,CreditCard,0
TXN01148,19,1102.29,0.24,0.73,0.06,UPI,0
TXN05666,11,880.47,0.25,0.22,0.2,DebitCard,0
TXN08075,18,327.06,-0.31,0.12,0.18,UPI,0
TXN04943,8,1139.53,0.08,0.32,0.34,CreditCard,0
TXN03663,8,646.85,-0.44,0.51,0.34,DebitCard,0
TXN01563,14,533.58,0.25,0.51,0.32,DebitCard,0
TXN04113,17,874.54,0.46,0.73,0.19,CreditCard,0
TXN09050,19,1168.11,-0.36,0.36,0.1,UPI,0
TXN09276,20,241.99,0.44,0.3,0.21,CreditCard,0
TXN08538,14,960.75,-0.01,0.69,0.12,DebitCard,0
TXN00795,16,847.62,0.21,0.53,0.27,UPI,0
TXN05854,10,470.57,0.41,0.76,0.32,DebitCard,0
TXN07619,14,1147.83,-0.34,0.31,0.24,DebitCard,0
TXN01594,17,1140.52,-0.19,0.5,0.16,DebitCard,0
TXN07418,21,1015.21,0.49,0.27,0.26,UPI,0
TXN05267,17,946.33,-0.16,0.42,0.25,DebitCard,0
TXN07147,16,303.81,-0.03,0.67,0.21,DebitCard,0
TXN00089,20,878.8,-0.04,0.47,0.1,CreditCard,0
TXN08695,13,311.57,-0.03,0.34,0.15,UPI,0
TXN09732,18,1176.1,-0.42,0.37,0.1,CreditCard,0
TXN09446,10,667.88,-0.44,0.51,0.17,CreditCard,0
TXN06754,9,632.03,-0.16,0.52,0.3,CreditCard,0
TXN03502,22,690.2,0.07,0.16,0.24,DebitCard,0
TXN02234,11,289.86,-0.27,0.34,0.29,DebitCard,0
TXN02803,20,689.06,0.44,0.79,0.32,CreditCard,0
TXN04424,22,975.55,0.5,0.31,0.08,CreditCard,0
TXN05663,19,543.79,0.38,0.46,0.07,CreditCard,0
TXN07170,13,1011.89,-0.15,0.61,0.33,CreditCard,0
TXN08337,13,751.21,-0.4,0.31,0.13,DebitCard,0
TXN02148,11,392.75,0.42,0.54,0.23,CreditCard,0
TXN07969,10,579.05,0.43,0.43,0.23,UPI,0
TXN06551,14,434.46,-0.21,0.79,0.31,CreditCard,0
TXN07643,22,727.13,-0.21,0.4,0.15,UPI,0
TXN06164,9,404.93,0.2,0.45,0.09,UPI,0
TXN01495,21,1157.45,-0.15,0.26,0.31,UPI,0
TXN07696,10,518.55,-0.48,0.24,0.13,DebitCard,0
TXN07094,9,1152.35,0.35,0.23,0.28,UPI,0
TXN01409,14,503.06,-0.36,0.78,0.21,DebitCard,0
TXN06691,14,646.14,-0.5,0.79,0.08,DebitCard,0
TXN03401,12,983.69,0.43,0.58,0.16,CreditCard,0
TXN00109,20,560.57,0.07,0.8,0.26,CreditCard,0
TXN05636,19,734.99,-0.23,0.8,0.12,DebitCard,0
TXN08482,18,423.96,0.45,0.47,0.16,DebitCard,0
TXN06604,21,645.15,-0.41,0.48,0.08,DebitCard,0
TXN01091,18,386.03,0.02,0.3,0.19,UPI,0
TXN05560,13,468.13,-0.36,0.1,0.13,UPI,0
TXN09412,10,799.9,-0.08,0.61,0.26,DebitCard,0
TXN08143,22,530.16,-0.26,0.3,0.21,CreditCard,0
TXN08664,13,471.72,-0.06,0.45,0.16,DebitCard,0
TXN06596,14,654.67,-0.03,0.19,0.28,DebitCard,0
TXN00624,14,696.68,-0.47,0.64,0.21,CreditCard,0
TXN06871,22,981.02,-0.13,0.5,0.06,UPI,0
TXN04814,18,1036.75,-0.08,0.5,0.21,DebitCard,0
TXN06553,22,454.23,-0.27,0.26,0.11,UPI,0
TXN07530,12,727.97,0.34,0.46,0.11,CreditCard,0
TXN05796,20,829.18,-0.05,0.72,0.17,UPI,0
TXN07437,18,530.16,0.35,0.39,0.05,DebitCard,0
TXN04218,8,394.23,-0.32,0.41,0.2,UPI,0
TXN05941,10,307.49,-0.32,0.71,0.18,UPI,0
TXN08501,9,1179.18,-0.24,0.64,0.26,CreditCard,0
TXN06429,12,449.71,-0.1,0.47,0.21,CreditCard,0
TXN06827,19,550.13,-0.34,0.2,0.32,DebitCard,0
TXN04131,18,1139.38,0.48,0.35,0.13,DebitCard,0
TXN07802,19,682.22,-0.28,0.64,0.12,UPI,0
TXN07754,13,835.06,-0.05,0.6,0.12,CreditCard,0
TXN04722,16,844.82,0.29,0.52,0.12,CreditCard,0
TXN01651,10,652.52,-0.02,0.71,0.24,DebitCard,0
TXN04141,18,332.59,-0.49,0.29,0.09,DebitCard,0
TXN01618,18,241.56,0.36,0.27,0.33,CreditCard,0
TXN02030,10,406.08,-0.19,0.5,0.31,CreditCard,0
TXN08518,18,313.62,-0.46,0.64,0.2,CreditCard,0
TXN04576,21,647.3,-0.16,0.61,0.11,DebitCard,0
TXN03993,13,562.34,0.26,0.7,0.16,DebitCard,0
TXN07377,8,307.23,-0.33,0.37,0.29,DebitCard,0
TXN06150,9,560.65,-0.03,0.3,0.28,UPI,0
TXN04909,8,1135.49,-0.44,0.15,0.25,DebitCard,0
TXN05027,12,790.16,-0.03,0.16,0.32,UPI,0
TXN08261,11,601.42,0.46,0.19,0.25,CreditCard,0
TXN04732,16,360.87,0.29,0.48,0.23,CreditCard,0
TXN07549,22,903.98,-0.23,0.54,0.32,DebitCard,0
TXN08135,20,211.92,0.43,0.48,0.2,CreditCard,0
TXN01607,10,604.3,-0.12,0.71,0.08,DebitCard,0
TXN04774,9,1103.78,-0.1,0.46,0.17,DebitCard,0
TXN08110,12,953.18,0.31,0.67,0.11,UPI,0
TXN06952,22,841.48,-0.05,0.12,0.07,CreditCard,0
TXN06005,21,387.27,0.11,0.32,0.19,DebitCard,0
TXN07729,19,524.43,0.08,0.32,0.14,DebitCard,0
TXN03542,18,848.64,-0.32,0.61,0.26,UPI,0
TXN00389,17,1082.91,0.42,0.24,0.19,UPI,0
TXN01795,10,346.46,-0.33,0.26,0.28,CreditCard,0
TXN08732,11,954.83,0.19,0.2,0.17,CreditCard,0
TXN04920,17,1137.31,0.45,0.28,0.34,UPI,0
TXN05538,14,1057.04,0.4,0.5,0.19,CreditCard,0
TXN03873,9,367.29,0.41,0.35,0.09,UPI,0
TXN08869,19,291.63,0.48,0.15,0.11,CreditCard,0
TXN02255,8,1189.06,-0.36,0.61,0.25,CreditCard,0
TXN03413,22,1028.8,0.42,0.11,0.19,DebitCard,0
TXN05460,15,740.32,0.11,0.54,0.22,UPI,0
TXN04956,17,651.66,-0.25,0.69,0.17,UPI,0
TXN07397,14,764.37,0.24,0.32,0.1,DebitCard,0
TXN05415,22,1064.84,-0.03,0.78,0.22,UPI,0
TXN07400,17,482.02,0.13,0.23,0.23,CreditCard,0
TXN07415,18,297.99,-0.3,0.22,0.17,DebitCard,0
TXN09101,12,1039.07,0.13,0.56,0.07,UPI,0
TXN04852,16,277.76,0.16,0.23,0.34,UPI,0
TXN02026,9,1075.21,0.11,0.55,0.31,DebitCard,0
TXN02616,11,617.72,0.48,0.63,0.12,DebitCard,0
TXN07389,9,1111.9,0.13,0.29,0.11,UPI,0
TXN02927,10,1154.88,-0.38,0.32,0.06,CreditCard,0
TXN01122,13,1154.96,-0.24,0.56,0.07,DebitCard,0
TXN02911,22,624.92,-0.01,0.68,0.1,UPI,0
TXN08147,22,825.61,0.35,0.72,0.31,CreditCard,0
TXN07384,22,374.51,-0.14,0.63,0.29,CreditCard,0
TXN03483,14,629.59,-0.03,0.79,0.31,CreditCard,0
TXN00796,14,1057.84,-0.19,0.47,0.31,UPI,0
TXN01576,16,994.44,0.15,0.69,0.05,CreditCard,0
TXN06177,11,688.47,-0.48,0.53,0.1,DebitCard,0
TXN06267,20,610.89,0.34,0.74,0.33,CreditCard,0
TXN02459,13,320.56,-0.48,0.67,0.08,UPI,0
TXN03313,14,209.57,-0.39,0.1,0.29,UPI,0
TXN01254,15,516.71,-0.16,0.73,0.29,UPI,0
TXN06835,9,792.3,-0.42,0.69,0.28,UPI,0
TXN08795,22,346.02,-0.03,0.11,0.17,UPI,0
TXN03838,11,702.81,0.18,0.22,0.24,DebitCard,0
TXN04399,18,762.3,-0.47,0.77,0.28,DebitCard,0
TXN03596,18,1142.58,0.27,0.52,0.31,DebitCard,0
TXN06622,21,882.2,0.41,0.57,0.07,DebitCard,0
TXN08383,17,440.3,0.38,0.46,0.28,UPI,0
TXN02125,11,1048.13,-0.26,0.26,0.25,UPI,0
TXN03239,18,1169.28,0.15,0.12,0.09,UPI,0
TXN05404,16,1040.67,-0.11,0.54,0.11,CreditCard,0
TXN05999,21,210.47,-0.14,0.29,0.2,CreditCard,0
TXN05939,11,1096.4,-0.37,0.36,0.19,UPI,0
TXN02046,12,1096.4,-0.38,0.19,0.18,UPI,0
TXN01579,19,414.5,0.48,0.27,0.14,DebitCard,0
TXN00015,12,631.01,0.17,0.62,0.28,CreditCard,0
TXN02674,16,563.37,-0.24,0.29,0.2,DebitCard,0
TXN07017,14,419.96,-0.4,0.21,0.07,DebitCard,0
TXN08721,12,1141.24,-0.35,0.37,0.23,CreditCard,0
TXN08850,10,722.37,0.04,0.36,0.19,DebitCard,0
TXN04813,16,462.79,-0.21,0.12,0.08,CreditCard,0
TXN01085,15,1066.57,-0.34,0.47,0.24,CreditCard,0
TXN04984,13,295.29,0.02,0.71,0.25,CreditCard,0
TXN07156,19,599.67,-0.09,0.45,0.13,CreditCard,0
TXN02885,10,418.0,0.14,0.55,0.3,UPI,0
TXN00334,20,1182.83,0.26,0.49,0.14,CreditCard,0
TXN07205,16,665.93,0.33,0.75,0.3,CreditCard,0
TXN04368,14,375.96,0.03,0.11,0.32,UPI,0
TXN03080,21,875.27,0.1,0.64,0.33,CreditCard,0
TXN07204,10,637.35,0.11,0.28,0.2,UPI,0
TXN09910,1,14983.06,3.63,3.23,0.99,DebitCard,1
TXN08865,21,444.96,-0.14,0.52,0.23,CreditCard,0
TXN00264,8,1096.21,-0.12,0.74,0.24,DebitCard,0
TXN04338,20,847.27,-0.03,0.14,0.21,CreditCard,0
TXN08896,14,249.04,-0.09,0.78,0.26,DebitCard,0
TXN08448,11,1133.15,0.4,0.3,0.15,UPI,0
TXN05904,22,959.19,-0.01,0.48,0.34,UPI,0
TXN01499,13,837.2,0.28,0.23,0.17,UPI,0
TXN04191,10,277.9,0.5,0.77,0.06,UPI,0
TXN07486,8,791.68,-0.27,0.51,0.35,UPI,0
TXN09644,13,942.28,0.36,0.2,0.26,UPI,0
TXN08311,8,909.62,0.36,0.64,0.18,CreditCard,0
TXN07591,9,466.7,-0.07,0.4,0.23,CreditCard,0
TXN00501,20,555.48,-0.06,0.3,0.28,UPI,0
TXN09156,21,481.81,-0.1,0.62,0.13,UPI,0
TXN09415,22,636.92,-0.47,0.64,0.21,DebitCard,0
TXN03096,18,238.13,-0.21,0.71,0.15,DebitCard,0
TXN04632,12,1122.94,0.25,0.6,0.1,DebitCard,0
TXN00368,19,959.03,0.23,0.18,0.2,UPI,0
TXN04059,16,734.16,0.33,0.12,0.24,CreditCard,0
TXN08175,10,572.05,0.38,0.25,0.24,UPI,0
TXN04631,11,864.92,0.12,0.58,0.12,DebitCard,0
TXN06071,17,1077.74,-0.38,0.19,0.12,UPI,0
TXN02665,9,566.1,-0.18,0.49,0.35,CreditCard,0
TXN01027,12,225.61,-0.17,0.38,0.15,CreditCard,0
TXN05909,18,350.58,-0.16,0.21,0.3,CreditCard,0
TXN05051,18,213.62,-0.31,0.23,0.3,DebitCard,0
TXN06329,8,962.37,0.04,0.27,0.26,DebitCard,0
TXN09734,19,483.53,-0.26,0.57,0.25,DebitCard,0
TXN01692,19,785.41,0.43,0.62,0.29,UPI,0
TXN00674,15,700.75,0.44,0.47,0.09,UPI,0
TXN05573,8,540.64,-0.48,0.8,0.09,CreditCard,0
TXN05767,9,569.63,0.22,0.31,0.06,UPI,0
TXN05157,13,287.25,0.26,0.56,0.15,CreditCard,0
TXN00734,12,280.32,0.35,0.31,0.11,UPI,0
TXN03527,14,1141.25,0.47,0.71,0.11,DebitCard,0
TXN00569,13,465.37,-0.11,0.71,0.34,DebitCard,0
TXN09188,22,288.78,0.42,0.42,0.28,CreditCard,0
TXN02923,8,459.48,-0.21,0.67,0.1,CreditCard,0
TXN07912,12,832.05,0.33,0.23,0.15,CreditCard,0
TXN01559,13,1159.14,-0.46,0.34,0.07,DebitCard,0
TXN00102,18,923.0,0.09,0.16,0.2,UPI,0
TXN03008,19,483.72,-0.27,0.12,0.32,DebitCard,0
TXN07202,22,865.43,0.29,0.78,0.08,DebitCard,0
TXN00304,9,244.14,-0.48,0.32,0.1,UPI,0
TXN00077,20,993.98,0.06,0.56,0.09,UPI,0
TXN06755,16,1109.48,-0.35,0.3,0.15,UPI,0
TXN08630,16,1173.17,0.48,0.57,0.13,CreditCard,0
TXN01209,8,530.27,-0.09,0.62,0.24,CreditCard,0
TXN07743,15,491.48,0.18,0.65,0.14,CreditCard,0
TXN08215,8,1053.01,-0.18,0.47,0.14,DebitCard,0
TXN08945,8,521.72,0.27,0.14,0.26,DebitCard,0
TXN08414,17,862.72,0.24,0.59,0.23,CreditCard,0
TXN01776,19,633.75,-0.27,0.48,0.13,UPI,0
TXN03474,12,658.62,-0.37,0.26,0.08,UPI,0
TXN00484,16,945.11,-0.25,0.36,0.18,DebitCard,0
TXN02190,11,724.21,-0.17,0.46,0.11,UPI,0
TXN00347,18,1079.22,0.35,0.59,0.27,UPI,0
TXN05482,14,765.24,0.21,0.29,0.3,CreditCard,0
TXN08362,12,709.31,-0.37,0.51,0.29,CreditCard,0
TXN01473,20,654.19,-0.15,0.18,0.16,UPI,0
TXN05101,20,623.57,0.41,0.74,0.15,DebitCard,0
TXN06766,21,401.75,-0.4,0.73,0.18,DebitCard,0
TXN08707,14,1022.6,0.06,0.56,0.09,UPI,0
TXN04930,15,831.61,0.36,0.34,0.1,CreditCard,0
TXN06330,10,782.58,-0.24,0.31,0.09,DebitCard,0
TXN02610,21,788.04,0.09,0.59,0.3,DebitCard,0
TXN00004,8,320.76,-0.34,0.56,0.08,UPI,0
TXN02214,19,984.68,-0.36,0.71,0.23,DebitCard,0
TXN04828,20,292.81,0.23,0.41,0.11,DebitCard,0
TXN00857,18,615.9,-0.12,0.53,0.09,CreditCard,0
TXN06978,15,223.54,0.37,0.48,0.22,DebitCard,0
TXN05886,16,379.28,-0.02,0.32,0.32,DebitCard,0
TXN00625,10,1145.08,-0.13,0.66,0.21,DebitCard,0
TXN00291,12,404.83,0.4,0.56,0.08,DebitCard,0
TXN02019,18,425.5,0.26,0.78,0.18,DebitCard,0
TXN00669,20,928.25,0.12,0.25,0.18,DebitCard,0
TXN08922,13,1009.6,-0.06,0.64,0.3,CreditCard,0
TXN08265,16,475.57,0.1,0.58,0.18,CreditCard,0
TXN09697,13,789.77,0.19,0.25,0.21,UPI,0
TXN01632,22,740.47,-0.1,0.41,0.12,UPI,0
TXN05171,8,834.63,0.05,0.43,0.3,CreditCard,0
TXN07206,16,707.7,0.15,0.55,0.1,UPI,0
TXN02523,8,364.61,0.35,0.52,0.25,DebitCard,0
TXN02216,8,481.33,0.25,0.57,0.31,UPI,0
TXN06969,16,917.04,0.02,0.15,0.13,CreditCard,0
TXN06497,8,945.77,0.16,0.61,0.28,CreditCard,0
TXN06214,14,840.7,0.41,0.56,0.26,UPI,0
TXN07033,22,927.22,-0.28,0.24,0.06,CreditCard,0
TXN07421,9,764.48,0.05,0.12,0.11,DebitCard,0
TXN01108,13,1120.47,-0.44,0.15,0.1,UPI,0
TXN00451,18,1084.26,0.25,0.17,0.32,UPI,0
TXN06290,20,543.24,0.3,0.46,0.23,CreditCard,0
TXN09967,3,9777.02,3.33,3.59,0.96,CreditCard,1
TXN00136,16,930.0,-0.45,0.67,0.26,UPI,0
TXN01786,21,233.6,-0.19,0.58,0.06,CreditCard,0
TXN03405,16,412.77,0.45,0.52,0.13,CreditCard,0
TXN02907,22,754.96,-0.05,0.18,0.28,DebitCard,0
TXN08305,17,728.03,-0.34,0.28,0.29,DebitCard,0
TXN07493,15,1138.23,0.46,0.36,0.28,CreditCard,0
TXN06101,8,491.51,-0.47,0.32,0.24,CreditCard,0
TXN04505,11,560.81,-0.14,0.64,0.19,UPI,0
TXN05054,21,291.55,0.43,0.57,0.28,DebitCard,0
TXN05206,21,507.43,-0.09,0.64,0.22,UPI,0
TXN04081,15,1157.95,0.45,0.33,0.26,DebitCard,0
TXN06919,10,665.83,0.09,0.46,0.16,UPI,0
TXN06803,11,723.61,-0.3,0.6,0.08,UPI,0
TXN05207,18,384.16,0.22,0.52,0.06,UPI,0
TXN00533,13,930.26,0.11,0.61,0.12,DebitCard,0
TXN04831,17,200.8,0.45,0.6,0.19,DebitCard,0
TXN04039,8,713.44,0.44,0.76,0.31,UPI,0
TXN04085,10,646.68,0.42,0.11,0.1,UPI,0
TXN03205,9,873.83,0.07,0.3,0.32,DebitCard,0
TXN07111,17,557.52,-0.36,0.32,0.15,UPI,0
TXN00331,22,423.25,-0.06,0.21,0.12,DebitCard,0
TXN04958,16,853.07,0.14,0.14,0.23,CreditCard,0
TXN03034,22,543.54,0.17,0.32,0.31,DebitCard,0
TXN07685,12,671.13,-0.11,0.12,0.28,UPI,0
TXN01598,21,843.28,0.22,0.71,0.07,UPI,0
TXN09920,0,13065.92,3.61,4.66,0.86,UPI,1
TXN03598,15,648.55,-0.12,0.5,0.27,DebitCard,0
TXN09039,18,406.43,-0.39,0.14,0.25,UPI,0
TXN08002,9,321.42,-0.38,0.65,0.33,DebitCard,0
TXN00591,8,1144.0,-0.38,0.42,0.29,CreditCard,0
TXN00648,8,554.11,-0.08,0.57,0.22,CreditCard,0
TXN09103,8,1154.51,-0.32,0.73,0.21,CreditCard,0
TXN08016,12,809.43,0.35,0.2,0.13,DebitCard,0
TXN03772,18,264.46,-0.22,0.69,0.31,UPI,0
TXN09040,8,344.46,-0.13,0.44,0.19,CreditCard,0
TXN05083,13,348.78,-0.21,0.64,0.27,CreditCard,0
TXN07883,9,959.54,0.16,0.79,0.27,DebitCard,0
TXN09363,12,1100.34,-0.08,0.11,0.32,DebitCard,0
TXN04211,15,616.92,0.42,0.7,0.12,UPI,0
TXN08835,19,838.95,-0.18,0.11,0.22,DebitCard,0
TXN08700,8,325.67,-0.23,0.2,0.18,CreditCard,0
TXN01796,19,766.72,0.31,0.55,0.24,CreditCard,0
TXN02587,13,824.32,0.35,0.34,0.15,UPI,0
TXN08356,14,617.08,0.25,0.3,0.09,UPI,0
TXN02317,12,624.08,0.2,0.75,0.26,UPI,0
TXN04186,19,622.86,0.24,0.19,0.06,UPI,0
TXN08828,21,843.07,-0.1,0.26,0.06,CreditCard,0
TXN07073,22,944.58,-0.46,0.59,0.09,UPI,0
TXN05235,9,237.96,-0.16,0.56,0.13,UPI,0
TXN08744,21,577.62,0.09,0.54,0.34,CreditCard,0
TXN08671,19,702.07,0.22,0.48,0.21,CreditCard,0
TXN04769,19,1065.86,0.46,0.13,0.12,DebitCard,0
TXN09973,1,7666.04,2.72,5.22,0.81,UPI,1
TXN07145,10,839.96,0.31,0.63,0.31,CreditCard,0
TXN02914,20,243.88,-0.47,0.49,0.29,CreditCard,0
TXN09872,4,10227.09,3.6,5.67,0.92,DebitCard,1
TXN09894,1,14454.09,3.44,3.13,0.89,UPI,1
TXN02076,17,911.79,-0.05,0.18,0.11,DebitCard,0
TXN04303,10,927.44,-0.09,0.76,0.24,CreditCard,0
TXN05823,21,412.69,-0.5,0.6,0.18,CreditCard,0
TXN02150,10,410.89,0.42,0.18,0.2,DebitCard,0
TXN00145,16,344.87,0.2,0.52,0.24,DebitCard,0
TXN04964,18,791.2,-0.33,0.43,0.3,DebitCard,0
TXN08160,12,546.26,0.36,0.43,0.12,CreditCard,0
TXN09031,13,1132.0,-0.32,0.33,0.15,DebitCard,0
TXN04776,16,206.73,0.44,0.37,0.21,DebitCard,0
TXN08934,11,820.47,0.36,0.26,0.06,CreditCard,0
TXN07750,13,1072.33,-0.5,0.39,0.23,DebitCard,0
TXN09829,17,897.71,0.01,0.12,0.35,DebitCard,0
TXN09215,19,303.7,0.11,0.34,0.11,CreditCard,0
TXN06061,20,911.38,-0.28,0.11,0.27,UPI,0
TXN09476,12,577.02,-0.17,0.69,0.08,UPI,0
TXN06410,20,947.64,0.48,0.58,0.27,CreditCard,0
TXN03318,10,407.1,0.2,0.11,0.33,CreditCard,0
TXN07465,11,551.08,-0.01,0.24,0.18,DebitCard,0
TXN03062,8,715.91,-0.31,0.29,0.27,CreditCard,0
TXN01356,11,364.26,0.4,0.22,0.21,CreditCard,0
TXN04515,12,254.92,-0.26,0.44,0.31,UPI,0
TXN05506,11,678.93,-0.01,0.38,0.22,UPI,0
TXN05251,11,1091.5,0.34,0.16,0.35,DebitCard,0
TXN04512,20,856.52,-0.06,0.69,0.11,UPI,0
TXN01731,17,535.47,-0.03,0.26,0.16,CreditCard,0
TXN01759,9,432.16,-0.21,0.44,0.17,UPI,0
TXN06651,11,908.03,0.33,0.61,0.2,CreditCard,0
TXN06647,18,255.97,-0.41,0.72,0.13,CreditCard,0
TXN09861,1,11820.24,3.25,5.33,0.84,DebitCard,1
TXN04140,21,215.29,-0.35,0.75,0.3,DebitCard,0
TXN09394,9,1094.12,0.32,0.51,0.2,UPI,0
TXN05124,22,210.19,0.48,0.33,0.18,UPI,0
TXN00001,17,222.39,-0.3,0.75,0.33,CreditCard,0
TXN01865,10,1181.37,0.26,0.61,0.29,CreditCard,0
TXN00544,15,569.84,-0.4,0.43,0.22,DebitCard,0
TXN00350,18,728.28,-0.29,0.2,0.19,DebitCard,0
TXN06907,14,972.68,0.23,0.22,0.33,CreditCard,0
TXN09766,8,1000.13,0.29,0.74,0.09,CreditCard,0
TXN02524,12,212.37,-0.08,0.53,0.24,DebitCard,0
TXN03465,21,296.5,-0.04,0.67,0.26,DebitCard,0
TXN00458,8,870.1,-0.26,0.46,0.1,CreditCard,0
TXN03024,15,367.95,0.11,0.45,0.13,CreditCard,0
TXN07262,21,679.58,-0.02,0.58,0.28,CreditCard,0
TXN09516,11,892.05,-0.19,0.52,0.17,CreditCard,0
TXN07873,22,869.66,0.06,0.2,0.1,UPI,0
TXN06626,22,1021.17,-0.2,0.29,0.08,DebitCard,0
TXN02535,13,236.7,0.16,0.77,0.28,UPI,0
TXN00132,22,317.43,-0.44,0.46,0.09,DebitCard,0
TXN03705,14,649.78,-0.13,0.23,0.23,CreditCard,0
TXN01373,8,248.63,0.18,0.52,0.31,DebitCard,0
TXN06201,13,705.27,-0.05,0.49,0.06,DebitCard,0
TXN04857,19,1075.48,-0.33,0.41,0.32,UPI,0
TXN04713,13,1022.03,0.29,0.41,0.17,UPI,0
TXN05545,13,1188.93,-0.15,0.56,0.11,CreditCard,0
TXN01414,22,399.78,0.06,0.62,0.12,CreditCard,0
TXN04114,16,464.99,-0.43,0.7,0.17,DebitCard,0
TXN00656,20,313.15,-0.27,0.31,0.09,UPI,0
TXN08138,8,310.6,-0.27,0.43,0.24,DebitCard,0
TXN04099,13,600.61,-0.1,0.27,0.25,CreditCard,0
TXN00593,19,243.28,0.03,0.63,0.13,CreditCard,0
TXN08709,15,555.31,-0.25,0.56,0.05,UPI,0
TXN03124,9,979.92,-0.48,0.24,0.29,UPI,0
TXN03048,8,618.12,-0.42,0.62,0.2,UPI,0
TXN03888,17,1048.03,0.37,0.39,0.28,CreditCard,0
TXN05736,10,499.04,0.36,0.69,0.15,UPI,0
TXN02185,15,1193.3,-0.39,0.33,0.27,DebitCard,0
TXN02146,11,949.21,0.14,0.76,0.06,DebitCard,0
TXN07048,22,892.22,-0.44,0.25,0.16,UPI,0
TXN03106,15,433.1,-0.19,0.61,0.06,CreditCard,0
TXN09234,9,870.89,0.26,0.69,0.33,UPI,0
TXN09097,8,554.16,-0.39,0.22,0.25,DebitCard,0
TXN02770,18,919.39,-0.33,0.24,0.12,DebitCard,0
TXN05222,19,834.51,0.47,0.36,0.26,CreditCard,0
TXN05834,18,624.08,0.31,0.65,0.16,UPI,0
TXN01733,18,521.86,0.36,0.36,0.1,CreditCard,0
TXN00266,20,781.94,0.33,0.18,0.33,DebitCard,0
TXN05145,11,349.28,-0.5,0.71,0.2,UPI,0
TXN08268,21,821.95,0.09,0.76,0.33,CreditCard,0
TXN03938,12,399.82,-0.15,0.33,0.28,DebitCard,0
TXN00762,20,949.15,0.11,0.38,0.26,DebitCard,0
TXN07221,22,607.22,-0.07,0.54,0.11,DebitCard,0
TXN08440,14,314.37,-0.43,0.54,0.18,CreditCard,0
TXN03258,9,295.22,-0.1,0.31,0.23,CreditCard,0
TXN04339,20,736.89,-0.34,0.26,0.27,CreditCard,0
TXN04363,13,288.96,-0.33,0.15,0.24,CreditCard,0
TXN00317,15,331.48,0.2,0.33,0.29,CreditCard,0
TXN08070,11,1122.56,-0.27,0.33,0.09,DebitCard,0
TXN01852,17,1190.18,0.3,0.3,0.17,CreditCard,0
TXN02485,19,483.88,-0.4,0.72,0.21,UPI,0
TXN09874,1,7997.97,2.48,3.09,0.83,DebitCard,1
TXN09575,13,742.74,-0.35,0.34,0.06,UPI,0
TXN01079,15,975.69,0.35,0.67,0.21,CreditCard,0
TXN08359,13,738.42,0.41,0.74,0.32,UPI,0
TXN07334,19,963.48,-0.08,0.53,0.33,CreditCard,0
TXN01072,13,797.05,0.43,0.58,0.18,UPI,0
TXN00104,9,1186.52,0.41,0.29,0.1,DebitCard,0
TXN05749,16,538.53,-0.12,0.35,0.16,UPI,0
TXN01419,9,1070.72,0.13,0.4,0.2,DebitCard,0
TXN01659,18,587.72,0.44,0.3,0.25,DebitCard,0
TXN05285,16,380.37,0.26,0.45,0.1,DebitCard,0
TXN01150,14,1011.78,-0.02,0.66,0.15,DebitCard,0
TXN07151,19,1097.87,0.39,0.38,0.2,CreditCard,0
TXN01569,13,658.02,0.16,0.39,0.08,CreditCard,0
TXN01088,19,919.63,0.23,0.69,0.15,DebitCard,0
TXN06086,15,706.84,-0.02,0.67,0.18,CreditCard,0
TXN08675,16,949.96,-0.46,0.79,0.23,DebitCard,0
TXN08342,8,610.28,0.05,0.68,0.07,CreditCard,0
TXN07812,21,576.44,-0.05,0.48,0.07,UPI,0
TXN06085,13,651.08,0.01,0.67,0.28,DebitCard,0
TXN08774,20,664.09,0.25,0.18,0.23,UPI,0
TXN08758,17,1029.13,0.41,0.56,0.06,UPI,0
TXN01693,13,1059.49,-0.03,0.66,0.14,CreditCard,0
TXN04735,18,289.87,0.29,0.15,0.14,UPI,0
TXN03388,9,1100.36,-0.11,0.2,0.22,DebitCard,0
TXN03647,20,441.43,0.39,0.76,0.05,UPI,0
TXN01684,13,776.38,-0.05,0.6,0.17,UPI,0
TXN00009,11,529.98,-0.06,0.46,0.07,DebitCard,0
TXN06063,8,1086.85,0.45,0.19,0.24,CreditCard,0
TXN06517,20,469.13,-0.08,0.67,0.26,DebitCard,0
TXN04124,16,705.69,-0.0,0.35,0.07,CreditCard,0
TXN08730,15,823.14,-0.07,0.31,0.14,DebitCard,0
TXN06046,20,1054.17,-0.2,0.58,0.3,UPI,0
TXN00568,16,449.35,-0.41,0.69,0.34,DebitCard,0
TXN09162,12,528.16,0.31,0.63,0.11,UPI,0
TXN01804,10,951.09,-0.04,0.63,0.11,UPI,0
TXN08502,11,238.61,0.5,0.42,0.14,CreditCard,0
TXN04901,19,389.77,0.26,0.55,0.32,CreditCard,0
TXN01600,11,376.17,0.22,0.54,0.32,UPI,0
TXN07932,15,585.57,0.43,0.55,0.09,CreditCard,0
TXN09548,17,814.37,0.15,0.11,0.32,UPI,0
TXN02824,17,1104.25,0.11,0.5,0.1,UPI,0
TXN05468,13,564.43,-0.14,0.27,0.34,CreditCard,0
TXN03530,20,900.19,0.17,0.64,0.25,UPI,0
TXN08684,14,581.55,-0.28,0.55,0.28,DebitCard,0
TXN01156,20,222.27,-0.01,0.32,0.21,UPI,0
TXN06548,9,541.95,0.29,0.51,0.14,CreditCard,0
TXN09089,12,352.45,0.33,0.39,0.06,UPI,0
TXN07621,15,363.6,0.06,0.58,0.35,CreditCard,0
TXN08297,10,528.85,0.49,0.39,0.08,CreditCard,0
TXN04541,17,886.14,0.32,0.75,0.35,CreditCard,0
TXN09135,19,377.44,0.34,0.15,0.08,DebitCard,0
TXN06483,13,251.58,0.23,0.37,0.2,UPI,0
TXN05827,13,597.22,-0.38,0.5,0.14,UPI,0
TXN01191,8,952.7,0.15,0.47,0.15,DebitCard,0
TXN07445,15,512.84,-0.5,0.72,0.28,UPI,0
TXN08521,9,777.63,-0.32,0.37,0.14,CreditCard,0
TXN00961,13,1135.2,0.49,0.66,0.12,CreditCard,0
TXN07455,13,355.21,-0.27,0.41,0.26,CreditCard,0
TXN00037,10,446.16,0.0,0.52,0.11,UPI,0
TXN07517,11,754.85,-0.16,0.66,0.25,UPI,0
TXN07645,22,597.93,-0.36,0.24,0.05,DebitCard,0
TXN04439,21,655.06,-0.12,0.25,0.26,CreditCard,0
TXN06162,11,1019.45,0.34,0.21,0.18,DebitCard,0
TXN07745,15,312.21,-0.14,0.14,0.3,UPI,0
TXN09588,20,879.02,0.23,0.62,0.35,UPI,0
TXN08120,14,854.61,0.28,0.2,0.2,UPI,0
TXN06968,16,856.37,0.48,0.53,0.07,DebitCard,0
TXN05719,18,203.38,-0.18,0.58,0.26,DebitCard,0
TXN00578,16,959.85,-0.15,0.64,0.18,UPI,0
TXN09834,16,211.16,0.11,0.37,0.11,UPI,0
TXN04103,18,910.62,0.2,0.51,0.21,DebitCard,0
TXN07647,10,516.34,-0.21,0.63,0.35,CreditCard,0
TXN04152,11,409.97,0.22,0.75,0.31,CreditCard,0
TXN03131,12,1111.59,-0.48,0.44,0.2,CreditCard,0
TXN04891,21,229.33,0.26,0.72,0.26,CreditCard,0
TXN09976,3,5299.03,3.99,4.16,0.98,CreditCard,1
TXN07472,19,616.6,0.25,0.19,0.11,DebitCard,0
TXN01834,20,723.56,-0.41,0.29,0.14,UPI,0
TXN09149,13,453.14,-0.46,0.17,0.07,CreditCard,0
TXN04892,15,982.87,-0.11,0.22,0.33,CreditCard,0
TXN02288,11,566.64,0.4,0.28,0.24,DebitCard,0
TXN01331,15,935.3,0.08,0.13,0.32,CreditCard,0
TXN02772,18,937.67,-0.41,0.24,0.27,UPI,0
TXN03687,18,824.31,0.21,0.78,0.31,UPI,0
TXN08284,9,1078.91,-0.01,0.38,0.15,CreditCard,0
TXN05929,10,811.15,-0.09,0.66,0.11,CreditCard,0
TXN00638,10,784.92,0.15,0.63,0.22,CreditCard,0
TXN00048,10,242.96,0.11,0.19,0.2,CreditCard,0
TXN02603,13,514.58,-0.5,0.49,0.13,UPI,0
TXN01966,17,767.54,0.34,0.45,0.06,UPI,0
TXN02169,9,417.72,0.06,0.55,0.18,DebitCard,0
TXN05050,11,320.46,0.16,0.3,0.17,UPI,0
TXN03335,13,919.24,-0.5,0.67,0.16,DebitCard,0
TXN03020,20,1026.15,0.25,0.29,0.3,DebitCard,0
TXN08765,13,1092.06,-0.09,0.14,0.34,UPI,0
TXN09177,21,361.04,0.1,0.57,0.1,CreditCard,0
TXN01361,21,733.24,0.09,0.65,0.25,UPI,0
TXN05799,17,528.2,-0.17,0.28,0.2,UPI,0
TXN09401,19,436.17,0.47,0.19,0.32,CreditCard,0
TXN03252,16,214.24,0.33,0.73,0.17,UPI,0
TXN06301,16,200.37,0.07,0.24,0.22,CreditCard,0
TXN02252,14,360.64,-0.48,0.52,0.06,UPI,0
TXN06028,8,638.75,-0.2,0.46,0.31,DebitCard,0
TXN01176,10,517.28,0.28,0.45,0.07,DebitCard,0
TXN08800,22,492.89,0.36,0.58,0.16,UPI,0
TXN03280,9,554.71,-0.15,0.62,0.18,DebitCard,0
TXN02974,13,881.51,0.45,0.44,0.27,UPI,0
TXN03397,14,349.27,0.21,0.76,0.05,DebitCard,0
TXN06940,20,1149.16,-0.23,0.44,0.33,UPI,0
TXN00966,12,701.76,-0.23,0.76,0.19,CreditCard,0
TXN08575,8,277.68,-0.22,0.13,0.25,CreditCard,0
TXN00743,15,698.61,0.12,0.18,0.19,DebitCard,0
TXN07515,12,408.44,-0.34,0.78,0.11,DebitCard,0
TXN03315,8,537.08,0.11,0.71,0.3,UPI,0
TXN04899,21,846.35,-0.11,0.61,0.15,DebitCard,0
TXN09341,21,398.48,0.34,0.69,0.15,UPI,0
TXN04673,9,1118.4,-0.17,0.68,0.12,CreditCard,0
TXN08619,20,886.21,0.34,0.42,0.14,CreditCard,0
TXN01218,19,429.86,-0.23,0.37,0.1,DebitCard,0
TXN04398,11,1105.06,0.19,0.79,0.06,UPI,0
TXN06081,8,593.71,0.3,0.22,0.2,CreditCard,0
TXN02615,15,897.34,-0.14,0.12,0.25,UPI,0
TXN02621,16,1056.13,-0.33,0.53,0.34,UPI,0
TXN08715,14,597.72,0.26,0.27,0.16,CreditCard,0
TXN07283,10,601.88,-0.12,0.53,0.2,DebitCard,0
TXN03380,21,515.74,0.23,0.22,0.2,CreditCard,0
TXN07302,13,615.29,-0.12,0.3,0.34,UPI,0
TXN09858,1,9506.99,2.15,4.12,0.91,UPI,1
TXN05606,20,536.27,0.5,0.32,0.08,DebitCard,0
TXN09814,17,685.95,0.48,0.74,0.12,DebitCard,0
TXN05787,21,663.42,0.04,0.6,0.23,CreditCard,0
TXN08519,16,508.08,-0.43,0.44,0.34,CreditCard,0
TXN06851,21,649.56,0.05,0.5,0.05,CreditCard,0
TXN01517,21,206.78,0.46,0.39,0.34,UPI,0
TXN05099,15,869.76,0.35,0.14,0.22,CreditCard,0
TXN07637,17,1110.56,0.09,0.25,0.08,CreditCard,0
TXN09086,16,475.64,-0.37,0.14,0.14,DebitCard,0
TXN08024,21,905.31,0.1,0.6,0.06,CreditCard,0
TXN02393,13,601.68,0.49,0.43,0.12,DebitCard,0
TXN00587,21,829.65,-0.04,0.7,0.28,CreditCard,0
TXN03520,19,902.7,0.04,0.2,0.19,CreditCard,0
TXN07654,22,1167.49,-0.03,0.65,0.26,DebitCard,0
TXN08947,20,527.15,0.42,0.43,0.32,DebitCard,0
TXN00851,8,377.9,-0.41,0.29,0.23,UPI,0
TXN00336,12,1018.12,0.27,0.51,0.23,CreditCard,0
TXN06635,15,352.05,0.02,0.27,0.22,CreditCard,0
TXN08973,11,1089.54,-0.02,0.63,0.34,DebitCard,0
TXN07494,9,227.95,-0.05,0.13,0.25,CreditCard,0
TXN02869,10,281.75,-0.43,0.17,0.26,CreditCard,0
TXN04873,8,815.43,0.04,0.65,0.16,UPI,0
TXN03551,21,477.05,0.38,0.59,0.34,UPI,0
TXN03843,9,344.71,0.45,0.55,0.28,UPI,0
TXN07263,17,520.05,0.22,0.8,0.16,UPI,0
TXN05825,9,615.86,0.3,0.8,0.08,UPI,0
TXN00024,16,809.64,-0.42,0.68,0.29,CreditCard,0
TXN01454,22,1097.74,-0.42,0.36,0.34,DebitCard,0
TXN01685,14,668.28,-0.24,0.59,0.07,UPI,0
TXN02311,9,807.87,0.45,0.56,0.15,CreditCard,0
TXN09064,10,1009.66,0.38,0.65,0.19,DebitCard,0
TXN09407,13,1097.55,0.08,0.37,0.26,UPI,0
TXN00382,22,405.66,0.46,0.1,0.27,UPI,0
TXN05815,16,488.61,-0.43,0.35,0.3,CreditCard,0
TXN05551,12,486.8,-0.15,0.53,0.1,UPI,0
TXN09309,9,847.17,0.42,0.33,0.32,CreditCard,0
TXN01619,16,315.66,0.18,0.67,0.35,UPI,0
TXN00790,12,888.18,-0.16,0.49,0.07,CreditCard,0
TXN05984,15,719.67,-0.47,0.13,0.16,DebitCard,0
TXN08673,10,1002.0,-0.15,0.79,0.06,DebitCard,0
TXN04476,16,578.34,0.3,0.3,0.1,UPI,0
TXN05607,19,286.5,0.05,0.74,0.08,DebitCard,0
TXN09313,19,761.4,-0.17,0.48,0.11,CreditCard,0
TXN05649,13,984.77,-0.12,0.24,0.34,UPI,0
TXN06217,12,965.6,-0.13,0.1,0.35,UPI,0
TXN02287,9,1116.45,0.35,0.39,0.34,DebitCard,0
TXN09994,2,6512.36,3.78,5.98,0.82,DebitCard,1
TXN07579,9,694.25,-0.04,0.74,0.1,DebitCard,0
TXN01184,15,1066.95,-0.46,0.69,0.25,DebitCard,0
TXN06002,21,1073.97,-0.09,0.25,0.09,CreditCard,0
TXN05091,19,700.91,0.29,0.51,0.22,DebitCard,0
TXN02517,16,225.15,-0.11,0.69,0.08,DebitCard,0
TXN04123,18,452.64,-0.39,0.54,0.11,DebitCard,0
TXN05522,19,1019.59,-0.48,0.14,0.17,DebitCard,0
TXN05628,11,521.61,0.04,0.55,0.19,DebitCard,0
TXN08361,9,874.18,-0.47,0.24,0.21,UPI,0
TXN05873,10,524.23,-0.05,0.53,0.27,DebitCard,0
TXN08613,8,693.55,0.48,0.24,0.23,UPI,0
TXN07728,16,465.57,-0.33,0.11,0.09,UPI,0
TXN05969,16,450.79,-0.08,0.27,0.32,CreditCard,0
TXN01181,19,764.35,0.02,0.53,0.1,CreditCard,0
TXN08763,15,1042.83,-0.18,0.16,0.16,CreditCard,0
TXN08236,13,888.66,0.49,0.7,0.06,UPI,0
TXN02819,12,320.39,-0.46,0.71,0.24,UPI,0
TXN09965,0,7728.47,3.86,5.0,0.85,DebitCard,1
TXN08704,18,1136.73,0.16,0.2,0.3,CreditCard,0
TXN06609,14,222.18,-0.4,0.74,0.12,DebitCard,0
TXN02821,11,975.62,0.11,0.55,0.29,CreditCard,0
TXN07536,9,455.24,0.17,0.53,0.21,DebitCard,0
TXN02261,22,742.08,-0.25,0.69,0.35,UPI,0
TXN02240,10,1062.62,0.07,0.14,0.25,CreditCard,0
TXN06022,17,296.86,-0.0,0.56,0.28,DebitCard,0
TXN00783,13,275.3,0.04,0.25,0.12,CreditCard,0
TXN00933,10,246.86,-0.36,0.47,0.12,CreditCard,0
TXN06203,12,450.42,-0.05,0.46,0.34,CreditCard,0
TXN02413,20,249.71,0.38,0.75,0.32,CreditCard,0
TXN06998,8,318.18,-0.11,0.75,0.26,CreditCard,0
TXN09116,16,490.44,0.15,0.8,0.3,DebitCard,0
TXN01157,20,1154.26,-0.04,0.38,0.32,CreditCard,0
TXN08108,17,272.77,0.47,0.71,0.16,CreditCard,0
TXN05806,18,1012.1,-0.09,0.23,0.21,CreditCard,0
TXN04880,22,638.17,0.31,0.71,0.25,CreditCard,0
TXN03310,20,474.68,-0.45,0.43,0.26,UPI,0
TXN08962,8,1168.34,-0.02,0.45,0.13,UPI,0
TXN01703,21,826.38,-0.05,0.42,0.23,DebitCard,0
TXN02493,12,1187.1,0.44,0.44,0.07,CreditCard,0
TXN03707,17,219.61,-0.26,0.44,0.24,DebitCard,0
TXN08277,20,893.79,-0.29,0.7,0.11,DebitCard,0
TXN00287,10,1129.73,0.05,0.26,0.17,DebitCard,0
TXN01609,16,752.63,0.27,0.48,0.15,UPI,0
TXN06632,18,689.76,0.04,0.21,0.27,CreditCard,0
TXN08279,19,1142.34,0.19,0.12,0.08,DebitCard,0
TXN07316,10,632.11,0.37,0.17,0.31,DebitCard,0
TXN02253,8,1048.28,0.22,0.73,0.26,CreditCard,0
TXN07416,12,847.62,-0.41,0.56,0.1,DebitCard,0
TXN08366,14,1014.05,0.41,0.5,0.08,CreditCard,0
TXN01892,8,278.81,-0.27,0.39,0.31,UPI,0
TXN05063,16,307.81,0.45,0.6,0.19,UPI,0
TXN06121,20,909.17,-0.42,0.54,0.29,UPI,0
TXN00564,16,736.79,-0.31,0.55,0.32,DebitCard,0
TXN00292,20,969.1,0.08,0.73,0.23,UPI,0
TXN04717,22,1127.11,0.17,0.71,0.06,UPI,0
TXN07709,19,333.75,-0.26,0.39,0.35,UPI,0
TXN06350,10,1062.09,-0.46,0.21,0.11,CreditCard,0
TXN00170,17,847.54,-0.41,0.16,0.09,DebitCard,0
TXN00268,13,920.95,-0.12,0.2,0.06,DebitCard,0
TXN04639,16,446.64,0.22,0.78,0.08,DebitCard,0
TXN07078,22,504.88,-0.01,0.56,0.29,CreditCard,0
TXN03356,20,838.7,0.11,0.76,0.19,CreditCard,0
TXN08280,11,216.7,0.38,0.56,0.09,DebitCard,0
TXN00316,20,452.84,-0.48,0.34,0.08,UPI,0
TXN06729,16,528.92,0.3,0.61,0.34,DebitCard,0
TXN09496,22,764.58,0.29,0.15,0.14,DebitCard,0
TXN04068,13,1195.06,-0.37,0.29,0.2,CreditCard,0
TXN00246,18,248.05,-0.43,0.74,0.27,CreditCard,0
TXN00253,20,530.88,0.4,0.65,0.3,DebitCard,0
TXN01112,10,1182.48,0.32,0.1,0.18,DebitCard,0
TXN04802,17,1035.15,-0.25,0.15,0.25,CreditCard,0
TXN01714,8,1177.27,-0.01,0.59,0.17,DebitCard,0
TXN00051,20,644.64,-0.45,0.49,0.15,UPI,0
TXN01836,21,638.19,0.0,0.69,0.17,DebitCard,0
TXN07897,9,673.26,0.3,0.64,0.19,DebitCard,0
TXN03384,11,827.22,0.33,0.68,0.14,CreditCard,0
TXN06411,10,909.24,0.14,0.29,0.17,UPI,0
TXN04314,16,569.12,-0.19,0.53,0.21,CreditCard,0
TXN00873,12,810.27,-0.24,0.78,0.18,CreditCard,0
TXN01255,13,609.8,0.33,0.19,0.28,CreditCard,0
TXN08882,17,1021.62,0.09,0.26,0.15,UPI,0
TXN05852,18,1054.19,-0.16,0.44,0.1,CreditCard,0
TXN05703,18,814.98,-0.19,0.57,0.27,CreditCard,0
TXN08104,10,388.98,0.21,0.38,0.34,DebitCard,0
TXN02099,21,462.84,0.27,0.28,0.19,UPI,0
TXN05129,12,503.95,0.45,0.48,0.18,CreditCard,0
TXN00249,14,828.83,0.25,0.7,0.17,CreditCard,0
TXN06562,14,595.62,0.49,0.75,0.29,UPI,0
TXN01340,22,1104.57,-0.2,0.36,0.35,CreditCard,0
TXN07018,22,843.4,0.42,0.38,0.09,UPI,0
TXN02111,13,774.53,0.07,0.3,0.12,UPI,0
TXN01570,22,438.44,0.48,0.21,0.29,DebitCard,0
TXN01727,13,1182.13,-0.5,0.17,0.23,CreditCard,0
TXN08385,9,297.68,-0.06,0.17,0.05,CreditCard,0
TXN06941,18,505.61,-0.19,0.35,0.33,DebitCard,0
TXN04396,12,513.42,0.12,0.23,0.15,UPI,0
TXN02421,20,927.43,0.24,0.18,0.09,DebitCard,0
TXN03046,18,988.44,0.31,0.33,0.3,UPI,0
TXN05504,19,354.02,0.13,0.18,0.29,UPI,0
TXN03704,9,1129.35,-0.46,0.17,0.07,UPI,0
TXN08192,10,304.04,-0.12,0.5,0.26,DebitCard,0
TXN05332,9,404.19,-0.23,0.68,0.25,UPI,0
TXN09809,20,243.79,0.25,0.46,0.3,DebitCard,0
TXN00448,17,537.96,-0.5,0.73,0.11,UPI,0
TXN07895,19,843.82,-0.48,0.71,0.35,DebitCard,0
TXN08729,13,708.73,-0.05,0.15,0.06,CreditCard,0
TXN07829,16,587.42,-0.28,0.51,0.1,UPI,0
TXN01769,17,239.48,0.08,0.65,0.12,CreditCard,0
TXN06809,11,263.42,0.09,0.76,0.15,UPI,0
TXN04705,15,1194.08,-0.3,0.16,0.08,CreditCard,0
TXN03870,13,1025.36,-0.04,0.52,0.31,DebitCard,0
TXN01656,11,585.14,-0.41,0.65,0.14,UPI,0
TXN03188,10,914.88,0.21,0.41,0.2,CreditCard,0
TXN00684,22,705.34,-0.19,0.67,0.24,UPI,0
TXN04171,15,348.79,-0.42,0.32,0.17,CreditCard,0
TXN04478,14,1021.2,-0.04,0.35,0.24,CreditCard,0
TXN00462,12,1086.8,-0.13,0.28,0.07,UPI,0
TXN05765,16,540.35,0.47,0.65,0.12,CreditCard,0
TXN07523,16,274.46,0.06,0.24,0.11,CreditCard,0
TXN04503,8,371.94,0.37,0.56,0.26,CreditCard,0
TXN09710,22,1154.37,0.33,0.18,0.3,CreditCard,0
TXN00319,11,1124.47,0.25,0.39,0.2,DebitCard,0
TXN01146,14,338.59,0.2,0.29,0.06,DebitCard,0
TXN05095,18,755.12,0.3,0.23,0.07,CreditCard,0
TXN01394,12,881.74,-0.15,0.44,0.21,DebitCard,0
TXN06624,12,845.3,0.32,0.18,0.26,DebitCard,0
TXN01502,13,749.19,-0.12,0.67,0.08,CreditCard,0
TXN06409,15,890.35,-0.01,0.76,0.23,DebitCard,0
TXN00377,21,1094.41,-0.17,0.15,0.35,CreditCard,0
TXN00411,11,1137.16,-0.01,0.71,0.18,CreditCard,0
TXN01661,18,458.28,-0.35,0.41,0.17,DebitCard,0
TXN03152,11,958.6,0.41,0.11,0.34,DebitCard,0
TXN01624,21,268.59,0.5,0.39,0.07,UPI,0
TXN05610,15,207.79,0.01,0.49,0.24,DebitCard,0
TXN08533,22,604.33,-0.46,0.14,0.31,DebitCard,0
TXN05803,17,1088.51,-0.04,0.29,0.12,UPI,0
TXN05307,21,210.22,-0.32,0.15,0.16,CreditCard,0
TXN07087,19,806.4,-0.36,0.57,0.28,UPI,0
TXN08898,21,739.78,-0.23,0.55,0.23,UPI,0
TXN07489,21,494.93,0.18,0.38,0.15,CreditCard,0
TXN09616,22,440.51,0.39,0.33,0.18,CreditCard,0
TXN09218,12,355.34,0.2,0.76,0.23,CreditCard,0
TXN01673,8,1065.78,-0.47,0.46,0.08,UPI,0
TXN02359,12,484.43,0.42,0.45,0.34,CreditCard,0
TXN08468,8,880.63,-0.12,0.11,0.19,UPI,0
TXN00275,9,1071.46,-0.38,0.21,0.08,DebitCard,0
TXN02474,9,479.33,0.21,0.13,0.07,UPI,0
TXN05490,9,1121.97,-0.14,0.77,0.25,UPI,0
TXN04772,14,1177.98,0.18,0.39,0.31,UPI,0
TXN02108,19,705.84,0.03,0.44,0.31,DebitCard,0
TXN07501,12,618.67,0.13,0.74,0.14,DebitCard,0
TXN04415,18,899.35,-0.49,0.67,0.16,UPI,0
TXN08139,16,599.02,-0.33,0.31,0.28,UPI,0
TXN08661,22,794.46,-0.2,0.52,0.26,CreditCard,0
TXN08240,9,859.64,0.12,0.34,0.34,UPI,0
TXN02418,22,675.46,0.16,0.24,0.17,CreditCard,0
TXN08772,19,589.4,-0.13,0.34,0.15,UPI,0
TXN02237,10,654.92,0.23,0.32,0.21,DebitCard,0
TXN03768,21,395.01,0.46,0.39,0.1,DebitCard,0
TXN09792,9,828.05,0.07,0.22,0.12,DebitCard,0
TXN09990,2,13423.08,3.71,4.42,0.88,DebitCard,1
TXN09966,4,11101.0,3.12,5.39,0.99,DebitCard,1
TXN07324,12,1035.27,0.3,0.75,0.16,UPI,0
TXN01384,13,941.45,0.24,0.14,0.24,UPI,0
TXN03102,10,886.31,-0.32,0.73,0.24,DebitCard,0
TXN03922,14,1106.19,-0.15,0.78,0.22,UPI,0
TXN06686,11,1194.44,-0.42,0.37,0.22,CreditCard,0
TXN03195,9,1090.81,0.46,0.14,0.22,DebitCard,0
TXN01942,16,363.21,-0.48,0.41,0.13,DebitCard,0
TXN07714,8,453.19,0.27,0.39,0.29,UPI,0
